station_code,stationName
41670250,가남읍
43111330,가덕면
48730250,가야읍
41820000,가평
41820000,가평군
47210105,가흥동
51820250,간성읍
51780256,갈말읍
43760310,감물면
47770310,강구면
11680000,강남구
11740000,강동구
51150000,강릉시
11305000,강북구
26440000,강서구
50130116,강정동
46810000,강진군
46810250,강진읍
28710000,강화군
26230111,개금동
48310000,거제시
48880000,거창군
48880250,거창읍
47290000,경산시
41610101,경안동
47130000,경주시
48129139,경화동
44250000,계룡시
28245000,계양구
52800340,계화면
41220128,고덕동
44810380,고덕면(충남)
47830000,고령군
51130320,고산리
52710360,고산면
41113128,고색동
51820000,고성(DMZ)
51820000,고성군
48820250,고성읍
41280000,고양시
41273101,고잔동
52790000,고창군
52790250,고창읍
41430101,고천동
41570253,고촌읍
48310109,고현동
46770000,고흥군
46770250,고흥읍
46720000,곡성군
46720250,곡성읍
47190113,공단동
41550250,공도읍
44150000,공주
44150000,공주시
41290105,과천동
41290000,과천시
11620000,관악구
41650400,관인면
52750380,관촌면
30200146,관평동
41210000,광명시
29200000,광산구
26500104,광안동
46230000,광양시
46230250,광양읍
41610000,광주
41610000,광주시
11215000,광진구
52210460,광활면
43760000,괴산군
43760250,괴산읍
41310104,교문동
46730000,구례군
46730250,구례읍
11530000,구로구
41310000,구리시
47190000,구미시
44131108,구성동
28200101,구월동
52710350,구이면
52130000,군산시
27720000,군위군
27720250,군위읍
41410000,군포시
47170126,금곡동
52140400,금마면
44710000,금산군
44710250,금산읍
48850420,금성면
26410000,금정구
11545000,금천구
41480101,금촌동
51210104,금호동
26710000,기장군
26710250,기장읍
41463000,기흥
41461101,김량장동
52210000,김제시
47150000,김천시
41570000,김포시
48250000,김해시
46170000,나주시
47111000,남구
44200119,남동
28200000,남동구
48880370,남상면
41590262,남양읍
41360000,남양주시
52190000,남원시
50130253,남원읍
48840000,남해군
48840250,남해읍
27170101,내당동
51170122,내동
48127250,내서읍
48270101,내일동
29155107,노대동
11350000,노원구
30200119,노은동
26440111,녹산동
44230000,논산
44230000,논산시
29140106,농성동
52180106,농소동
27710256,다사읍
41131104,단대동
48860370,단성면
43800000,단양군
43800250,단양읍
27290000,달서구
27710000,달성군
46710000,담양군
46710250,담양읍
48220114,당동
26380102,당리동
44270000,당진시
47830253,대가야읍
47150117,대광동
30230000,대덕구
47111102,대도동
52130127,대명동
52770380,대산리
52790380,대산면
52111143,대성동
47111310,대송면
47113109,대신동
41670350,대신면
48170109,대안동
41390101,대야동
26290106,대연동
50130250,대정읍
43750253,덕산읍
52800380,덕신리
26320104,덕천동
46130126,덕충동
48310107,덕포동
44200400,도고면
11320000,도봉구
43745310,도안면
44210250,독곶리
31170000,동구
11230000,동대문구
41250000,동두천시
26260000,동래구
47170111,동문동
48250101,동상동
11590000,동작구
51170000,동해시
50130105,동홍동
29170114,두암동
30170112,둔산동
44200360,둔포면
11440000,마포구
27260102,만촌동
43800253,매포읍
51130106,명륜동
48121124,명서동
26260101,명장동
43150122,명지동
44200113,모종동
41461253,모현읍
41390126,목감동
46110000,목포시
31140101,무거동
46840000,무안군
46840250,무안읍
48220111,무전동
52730000,무주군
52730250,무주읍
47280000,문경시
51130250,문막읍
46130120,문수동
30140106,문창동
30230113,문평동
48330253,물금읍
28177000,미추홀구
48270000,밀양시
51130117,반곡동(명륜동)
51800330,방산면
41390135,배곧동
44200253,배방읍
44133103,백석동
41630250,백석읍
41461350,백암면
46780253,벌교읍
31710259,범서읍
41360111,별내동
41290109,별양동
36110103,보람동
44180000,보령시
46170109,보산동
46780000,보성군
46780250,보성읍
43720000,보은군
43720250,보은읍
43113114,복대동
44270253,복운리
41131107,복정동
27290124,본동
41271104,본오동
46230310,봉강면
41590253,봉담읍
52710253,봉동읍
44131113,봉명동
51130113,봉산동
48127103,봉암동
47920000,봉화군
36110330,부강면
51170110,부곡동(울산)
48125117,부림동
41500253,부발읍
26230000,부산진구
52800000,부안군
52800250,부안읍
44760000,부여군
44760250,부여읍
41190000,부천시
28237000,부평
28237000,부평구
48129127,부흥동
47113000,북구
48330104,북부동
51770340,북평면
52130148,비응도동
41220118,비전동
46170134,빛가람동
47730340,사곡면
26530000,사상구
41570106,사우동
52130140,사정동
43114104,사천동
48240000,사천시
48240250,사천읍
48123130,사파동
26380000,사하구
27230111,산격동
43112104,산남동
41410104,산본동
48860000,산청군
48860250,산청읍
43130310,살미면
52140430,삼기면
31710265,삼남읍
47150110,삼락동
48250119,삼방동
52180110,삼산동
51230000,삼척시
51110125,삼천동
48330114,삼호동
44810253,삽교읍
51810350,상남리
48170119,상대동(대전)
48170119,상대동(진주)
41133105,상대원동
52210330,상리
48170114,상봉동
47250000,상주시
41590140,새솔동
30170000,서구
50130000,서귀포시
11410000,서대문구
51830310,서면
27230115,서변동
44210000,서산시
29110118,서석동
52111129,서신동
41590350,서신면
44770000,서천군
44770253,서천읍
11650000,서초구
50130103,서호동
41570256,석모리
47920390,석포면
41650104,선단동
31140109,선암동
41500370,설성면
41820310,설악면
44133253,성거읍
47130108,성건동
51230119,성남동
41130000,성남시
11200000,성동구
44230310,성동면
11290000,성북구
50130259,성산읍
44133105,성성동
44210360,성연면
47840000,성주군
48123128,성주동
46230104,성황동
52130146,소룡동
41194101,소사본동
43770310,소이면
41210104,소하동
51210000,속초시
46790395,송단리
47111104,송도동
44270390,송산면
44200310,송악면
51170103,송정동
47170137,송천동
11710000,송파구
43150380,송학면
41135102,수내동
27260000,수성구
26500000,수영구
41110000,수원시
48170116,수정동
41465000,수지
27110130,수창동
52770000,순창군
52770250,순창읍
46150000,순천시
27260114,시지동
41390000,시흥시
41285101,식사동
44131116,신방동
46910000,신안군
27140101,신암동
41281103,신원동
41450106,신장동
52190109,신정동
46890320,신지면
52210102,신풍동
52210102,신풍동(군산)
52140124,신흥동
52790390,심원면
36110113,아름동
44200000,아산시
48310105,아주동
47130253,안강읍
47730430,안계면
47730430,안계면(교외)
47170000,안동시
41270000,안산시
52730340,안성면
41550000,안성시
41170000,안양시
50110253,애월읍
51110111,약사동
51800000,양구군
51800250,양구읍
48127105,양덕동
48330000,양산시
51830000,양양군
51830250,양양읍
41630000,양주시
11470000,양천구
41830000,양평군
41830250,양평읍
44250315,엄사면
52140390,여산면
46130000,여수시
52113130,여의동
41670000,여주시
47290121,여천동(여수)
47290121,여천동(울산)
50110137,연동
44230253,연무읍
46110103,연산동
28185000,연수구
47111253,연일읍
26470000,연제구
52180105,연지동
41800000,연천
41800000,연천(DMZ)
41800000,연천군
46150114,연향동
27260123,연호동
46870000,영광군
46870250,영광읍
47770000,영덕군
47770250,영덕읍
26200000,영도구
43740000,영동군
43740250,영동읍
11560000,영등포구
46830000,영암군
46830250,영암읍
47760000,영양군
51750000,영월군
51750250,영월읍
47210101,영주동
47210000,영주시
43150110,영천동
47230000,영천시
41117105,영통동
52180120,영파동
47770360,영해면
44810000,예산군
47900000,예천군
41360262,오남읍
41590129,오산동
41370000,오산시
29200202,오선동
43113250,오송읍
52210118,오정동
43114253,오창읍
47111256,오천읍
52130310,옥산면
43730000,옥천군
51150109,옥천동
43730250,옥천읍
51110121,온의동
44200101,온천동
28720000,옹진군
41360250,와부읍
46890000,완도군
52710000,완주군
47130259,외동읍
52210101,요촌동
52180124,용계동
43111121,용담동
48330113,용당동
52140440,용동면
47900310,용문면
11170000,용산구
52790340,용수리
43111124,용암동
41460000,용인시
48123134,용지동
48123135,용호동
26350105,우동
51130111,우산동(광주)
41590256,우정읍
51730310,우천면
47113118,우현동
52190250,운봉읍
29170109,운암동
52750320,운암면
41135115,운중동
47940000,울릉군
47940250,울릉읍
31710000,울주군
47930000,울진군
48123129,웅남동
31710340,웅촌면
41273108,원곡동
44825350,원북면
51130000,원주시
47190101,원평동
41570350,월곶면
46130146,월내동
48125134,월영동
50130115,월평동
27710259,유가읍
30200000,유성구
29140116,유촌동
47150120,율곡동
46130320,율촌면
11380000,은평구
43770000,음성군
43770250,음성읍
44270101,읍내동
48720000,의령군
48720250,의령읍
47730000,의성군
47730250,의성읍
41430000,의왕시
41150101,의정부동
41150000,의정부시
27290108,이곡동
51170118,이도동
41461256,이동읍
44825360,이원면
41500000,이천시
48170127,이현동
52140000,익산시
41115141,인계동
51810000,인제(DMZ)
51810000,인제군
51810250,인제읍
44200380,인주면
29170127,일곡동
41650370,일동면
52750000,임실군
52750250,임실읍
52740335,장계면
43150116,장락동
26380105,장림동
46880000,장성군
46880250,장성읍
52740000,장수군
52740250,장수읍
48250132,장유동
52750250,장재리
48129145,장천동
44770250,장항읍
51150118,장현동
41500250,장호원읍
46800000,장흥군
47111111,장흥동
46800250,장흥읍
26350104,재송동
48310330,저구리
36110370,전의면
52110000,전주시
26230102,전포동
48250115,전하동
30170104,정림동
44790330,정산면
51770000,정선군
51770250,정선읍
41390132,정왕동
52180000,정읍시
41135103,정자동
48170320,정촌면
50110000,제주
50110000,제주시
43150000,제천시
50110259,조천읍
11110000,종로
11110000,종로구
26350107,좌동
44180410,주교면
51150250,주문진읍
41287102,주엽동
29155106,주월동
52210320,죽산면
52190103,죽항동
31110000,중구
52130130,중동
11260000,중랑구
47290117,중방동
51210103,중앙동(강원)
51210103,중앙동(경기)
43130385,중앙탑면
43745000,증평군
43745250,증평읍
47190102,지산동
51130330,지정면
30200120,지족동
46900000,진도군
46900250,진도읍
47290253,진량읍
48250330,진례면
52720000,진안군
52720250,진안읍
48250250,진영읍
46230350,진월면
41360253,진접읍
48170000,진주시
43750000,진천군
27290117,진천동
43750250,진천읍
48740000,창녕군
48740250,창녕읍
48120000,창원시
41550110,창전동
51170101,천곡동
44130000,천안시
41111133,천천동
41210102,철산동
51780000,철원(DMZ)
51780000,철원군
48125154,청계동
47820000,청도군
41220126,청룡동
47111105,청림동
41220259,청북읍
47750000,청송군
47750250,청송읍
44790000,청양군
44790250,청양읍
43110000,청주시
43760360,청천면
46790330,청풍면
51210105,청학동
51150112,초당동
26170101,초량동
41273107,초지동
51110000,춘천시
52140420,춘포면
43130000,충주시
29140120,치평동
47850000,칠곡군
43130116,칠금동
30140122,침산동
44150320,탄천면
51190000,태백시
44825000,태안군
44825250,태안읍
46230109,태인동
41610110,태전동
47940310,태하리
48220000,통영시
46730330,파도리
41480000,파주
41480000,파주시
41480253,파주읍
52140127,팔봉동
47130127,평동
41113130,평리동
51760000,평창군
51760250,평창읍
41220000,평택시
41650000,포천시
47110000,포항시
41450000,하남시
48850000,하동군
48850250,하동읍
47290250,하양읍
26530107,학장동
50110250,한림읍
36110106,한솔동
48730000,함안군
48870000,함양군
48870250,함양읍
52140250,함열읍
46860000,함평군
46860250,함평읍
44270250,합덕읍
48890000,합천군
48890250,합천읍
46820000,해남군
46820250,해남읍
26350000,해운대구
41281128,행신동
41590259,향남읍
48240116,향촌동
47190109,형곡동
46150310,호두리
27290105,호림동
43130107,호암동
44800000,홍성군
44800250,홍성읍
51720000,홍천군
51720250,홍천읍
41360256,화도읍
26320102,화명동
47250420,화북면
52790250,화산리
41590000,화성시
46790000,화순군
46790250,화순읍
46130330,화양면
47820250,화양읍
27710250,화원읍
51790000,화천(DMZ)
51790000,화천군
51790250,화천읍
43740320,황간면
51190101,황지동
26410112,회동동
48127108,회원동
51730000,횡성군
51730250,횡성읍
31200123,효문동
51110112,효자동
44000000,충청남도
43000000,충청북도
42000000,강원도
41000000,경기도
48000000,경상남도
47000000,경상북도
27000000,대구광역시
30000000,대전직할시
26000000,부산광역시
11000000,서울특별시
36000000,세종
36000000,세종시
31000000,울산광역시
28000000,인천광역시
46000000,전라남도
45000000,전북특별자치도
29170140,건국동
47111310,3공단
47190256,4공단
46910360,가거도
11000000,강남대로
11200000,강변북로
28260000,검단
44825330,격렬비열도
41115141,경수대로(동수원)
28260119,경인항
41360000,경춘로
28245000,계산
41630000,고읍
28200000,고잔
41610259,곤지암
11500105,공항대로
41117000,광교동
26110000,광복동
46230250,광양 율촌
46230000,광양 중마
46230000,광양항
52130000,군산항
41370000,금암로(신장동)
43770253,금왕
28710330,길상
48250000,김해대로
27110000,남산1동
46840256,남악.오룡
42230000,남양동1
44800256,내포
52000000,노송동
50110000,노형로
28200000,논현
44270000,당진시청사
41273000,대부동
46830253,대불
44210250,대산항
31170000,대송동
41135108,대왕판교로(백현동)
26440000,대저동
44180000,대천2동
25140000,대흥동1
28720350,덕적도
11680000,도산대로
41310000,동구동
11590910,동작대로 중앙차로
28185000,동춘
41590000,동탄
42170000,동해항
48123000,마산항
52130390,말도
52000000,모현동
46830253,목포항
42170000,묵호항
41450000,미사
48121000,반송로
28720330,백령도
41285000,백마로(마두역)
47130000,보덕동
44180320,보령항
47920250,봉화군청
41430000,부곡3동
41271000,부곡동1
26290000,부산감만
26170000,부산북항
48129000,부산항
28000000,부평역
31110111,북부순환도로
31140106,산업로
28237000,삼산
46130000,삼일동
48125320,삼진로
42230000,삼척항
48240116,삼천포항
52000000,새만금
46130000,서강동
28000000,서창
28000000,서해
41390000,서해안로
28260000,석남
28177000,석바위
41131000,성남대로(모란역)
25110000,성남동1
52000000,소룡동2
41190000,송내대로(중동)
28185000,송도
28140000,송림
41220000,송북동
41150000,송산3동
28710390,송해
28140000,송현
46150000,순천만
28177000,숭의
41390000,시화산단
11545102,시흥대로
46150310,신대
42110000,신사우동
31140000,신정로
11440110,신촌로
52000000,신태인
28110000,신흥
28000000,아암
46870380,안마도
41171000,안양2동
41171000,안양8동
41220253,안중
46130000,여수항
28720380,연평도
28260000,연희
11560000,영등포로
28000000,영종
28000000,영흥
41610250,오포1동
42150350,옥계항
48310000,옥포항
44180320,외연도
28110000,운서
41480000,운정
28720350,울도
31140000,울산항
28260000,원당
41150000,의정부1동
28000000,인천광역시 남항
28000000,인천광역시 북항
28000000,인천광역시 신항
28110118,인천광역시항
28000000,임학
47113000,장량동
44770250,장항항
41800253,전곡
11290103,정릉로
50110000,제주항
47111000,제철동
28000000,주안
41190000,중2동
28000000,중봉
41463102,중부대로(구갈동)
41273000,중앙대로(고잔동)
42110000,중앙로
47190000,진미동
11740000,천호대로
11140000,청계천로
28260000,청라
27200000,충혼탑
42730380,치악산
44825350,태안항
26200000,태종대
52000000,팔복동
44270380,평택당진항
44270253,평택당진항(당진항)
41220256,평택항
47150000,평화남산동
47111000,포항항
48850420,하동항
11170000,한강대로
41570000,한강로
41570256,한강신도시
52000000,혁신동
41173000,호계3동
41113000,호매실
42230253,호산항
41273000,호수동
46910360,홍도
11230000,홍릉로
11350000,화랑로
50110111,화북동
28000000,효성
